location_id,station_name,metro,total_months,months_with_measurements,expected_days,archive_file_count,days_with_target_data,expected_measurements,measurement_rows,mean_monthly_measurement_coverage_pct,median_monthly_measurement_coverage_pct,minimum_monthly_measurement_coverage_pct,maximum_monthly_measurement_coverage_pct,duplicate_timestamp_rows,duplicate_sensor_timestamp_rows,archive_file_coverage_pct,day_coverage_pct,measurement_coverage_pct,primary_eligible,sensitivity_eligible,primary_exclusion_reason
6983,"Hombegowda Nagar, Bengaluru - KSPCB",Bengaluru,18,18,549,532,532,52704,42408,80.39150061159471,82.54368279569893,60.215053763440864,94.3212365591398,0,0,96.90346083788708,96.90346083788708,80.46448087431693,True,True,
6973,"Jayanagar 5th Block, Bengaluru - KSPCB",Bengaluru,18,18,549,535,534,52704,39645,75.19453689480571,76.71370967741936,59.509408602150536,89.85215053763442,0,0,97.44990892531877,97.26775956284152,75.22199453551912,True,True,
6984,"Hebbal, Bengaluru - KSPCB",Bengaluru,18,18,549,518,511,52704,37131,70.42328931273823,71.25,45.520833333333336,87.06317204301075,0,0,94.35336976320583,93.0783242258652,70.45195810564663,True,True,
6975,"Silk Board, Bengaluru - KSPCB",Bengaluru,18,18,549,521,521,52704,36868,70.0080138462195,68.90120967741936,50.06720430107527,85.81989247311827,0,0,94.89981785063752,94.89981785063752,69.95294474802671,True,False,
5548,"BTM Layout, Bengaluru - CPCB",Bengaluru,18,18,549,446,446,52704,31679,60.23562396882289,65.79861111111111,12.432795698924732,89.07930107526882,0,0,81.23861566484517,81.23861566484517,60.10739222829387,True,False,
3409393,"Shivapura_Peenya, Bengaluru - KSPCB",Bengaluru,18,18,549,430,429,52704,31492,59.66564082323492,66.4986559139785,1.597222222222222,86.39112903225806,0,0,78.32422586520947,78.14207650273224,59.75258044930176,False,False,Measurement completeness below threshold
3409434,"Jigani, Bengaluru - KSPCB",Bengaluru,18,18,549,408,404,52704,30706,58.25634173920465,65.08624551971326,17.569444444444443,89.01209677419355,0,0,74.31693989071039,73.58834244080145,58.26123254401943,False,False,Measurement completeness below threshold
10780,"Manali Village, Chennai - TNPCB",Chennai,18,18,549,536,536,52704,42899,81.36794532627866,82.60416666666666,58.266129032258064,93.27956989247312,0,0,97.632058287796,97.632058287796,81.39609896782028,True,True,
12046,"Perungudi, Chennai - TNPCB",Chennai,18,18,549,534,534,52704,42885,81.3639006229732,82.54256272401433,61.458333333333336,90.49059139784946,0,0,97.26775956284152,97.26775956284152,81.36953551912568,True,True,
11579,"Kodungaiyur, Chennai - TNPCB",Chennai,18,18,549,527,519,52704,41510,78.76411201428002,80.97222222222223,61.89516129032258,93.44758064516128,0,0,95.99271402550092,94.53551912568308,78.76062537947783,True,True,
5655,"Velachery Res. Area, Chennai - CPCB",Chennai,18,18,549,507,507,52704,41148,77.97326139984071,81.21639784946237,50.173611111111114,90.22177419354838,0,0,92.34972677595628,92.34972677595628,78.07377049180327,True,True,
2586,"Manali, Chennai - CPCB",Chennai,18,18,549,503,500,52704,38899,73.81289291403539,76.15575396825396,50.840053763440864,88.74327956989248,0,0,91.62112932604737,91.07468123861568,73.80654219793564,True,True,
11578,"Royapuram, Chennai - TNPCB",Chennai,18,18,549,495,495,52704,38873,73.74007492035045,80.56731630824373,23.15972222222222,89.7513440860215,0,0,90.1639344262295,90.1639344262295,73.7572100789314,True,True,
5586,"Sirifort, Delhi - CPCB",Delhi,18,18,549,538,538,52704,45161,85.65585975280196,87.86458333333334,62.23118279569893,93.41397849462363,0,0,97.99635701275044,97.99635701275044,85.68799332119005,True,True,
6356,"Pusa, Delhi - DPCC",Delhi,18,18,549,536,536,52704,44643,84.65377784178187,85.75268817204301,62.46639784946236,93.51478494623656,0,0,97.632058287796,97.632058287796,84.70514571948998,True,True,
8365,"Nehru Nagar, Delhi - DPCC",Delhi,18,18,549,537,537,52704,44596,84.57047917733401,86.77979390681004,60.147849462365585,94.15322580645162,0,0,97.81420765027322,97.81420765027322,84.61596842744383,True,True,
10485,"Narela, Delhi - DPCC",Delhi,18,18,549,535,535,52704,44588,84.53152112846334,86.67674731182797,61.99596774193549,94.55645161290325,0,0,97.44990892531877,97.44990892531877,84.60078931390407,True,True,
5626,"DTU, New Delhi - CPCB",Delhi,18,18,549,538,538,52704,44531,84.45188492063491,85.9375,62.56720430107527,93.81720430107528,0,0,97.99635701275044,97.99635701275044,84.49263812993321,True,True,
8917,"Ashok Vihar, Delhi - DPCC",Delhi,18,18,549,535,535,52704,44327,84.04765016072139,87.06597222222223,61.458333333333336,94.42204301075267,0,0,97.44990892531877,97.44990892531877,84.1055707346691,True,True,
6960,"Patparganj, Delhi - DPCC",Delhi,18,18,549,537,536,52704,44299,84.0286711682881,85.99630376344086,61.79435483870967,92.30510752688171,0,0,97.81420765027322,97.632058287796,84.0524438372799,True,True,
6929,"Major Dhyan Chand National Stadium, Delhi - DPCC",Delhi,18,18,549,538,538,52704,44188,83.82140012516356,84.97983870967741,62.5,94.18682795698923,0,0,97.99635701275044,97.99635701275044,83.84183363691561,True,True,
6931,"Dwarka-Sector 8, Delhi - DPCC",Delhi,18,18,549,535,535,52704,44102,83.64197086391306,85.76948924731184,61.22311827956989,93.14516129032258,0,0,97.44990892531877,97.44990892531877,83.67865816636308,True,True,
8915,"Wazirpur, Delhi - DPCC",Delhi,18,18,549,535,535,52704,43943,83.33129320276498,85.5510752688172,58.93817204301075,92.80913978494624,0,0,97.44990892531877,97.44990892531877,83.37697328476017,True,True,
8472,"Bawana, Delhi - DPCC",Delhi,18,18,549,533,532,52704,43850,83.17839897308983,86.07638888888889,61.25672043010753,94.48924731182797,0,0,97.0856102003643,96.90346083788708,83.20051608986036,True,True,
10486,"Mundka, Delhi - DPCC",Delhi,18,18,549,536,536,52704,43819,83.08461963787904,85.2486559139785,58.70295698924731,92.27150537634408,0,0,97.632058287796,97.632058287796,83.14169702489374,True,True,
8239,"Okhla Phase-2, Delhi - DPCC",Delhi,18,18,549,536,536,52704,43815,83.11645723104056,84.50940860215053,61.79435483870967,91.90188172043013,0,0,97.632058287796,97.632058287796,83.13410746812386,True,True,
6957,"Jawaharlal Nehru Stadium, Delhi - DPCC",Delhi,18,18,549,537,535,52704,43484,82.463975472208,81.97244623655914,61.155913978494624,94.11962365591395,0,0,97.81420765027322,97.44990892531877,82.50607164541591,True,True,
6934,"Dr. Karni Singh Shooting Range, Delhi - DPCC",Delhi,18,18,549,536,536,52704,43457,82.44065842436139,85.80757168458781,58.16532258064516,91.46505376344086,0,0,97.632058287796,97.632058287796,82.45484213721919,True,True,
6938,"Vivek Vihar, Delhi - DPCC",Delhi,18,18,549,537,535,52704,43160,81.84367799539172,84.29043458781362,60.719086021505376,93.27956989247312,0,0,97.81420765027322,97.44990892531877,81.89131754705525,True,True,
10488,"Najafgarh, Delhi - DPCC",Delhi,18,18,549,537,536,52704,43102,81.76444625789384,82.27486559139786,62.16397849462365,90.89381720430109,0,0,97.81420765027322,97.632058287796,81.78126897389193,True,True,
10484,"Sri Aurobindo Marg, Delhi - DPCC",Delhi,18,18,549,535,535,52704,43066,81.69226830517154,83.85024641577061,59.509408602150536,89.24731182795699,0,0,97.44990892531877,97.44990892531877,81.71296296296296,True,True,
8475,"Sonia Vihar, Delhi - DPCC",Delhi,18,18,549,534,531,52704,42875,81.3189821926381,83.81944444444444,61.122311827956985,92.54032258064515,0,0,97.26775956284152,96.72131147540983,81.35056162720097,True,True,
5613,"ITO, New Delhi - CPCB",Delhi,18,18,549,533,529,52704,42787,81.14291314644137,82.39191308243727,58.568548387096776,91.46505376344086,0,0,97.0856102003643,96.35701275045535,81.18359137826351,True,True,
5627,"CRRI Mathura Road, New Delhi - IMD",Delhi,18,18,549,525,525,52704,42583,80.77883651220344,84.66565860215053,61.22311827956989,92.20430107526882,0,0,95.62841530054644,95.62841530054644,80.79652398299939,True,True,
17,"R K Puram, Delhi - DPCC",Delhi,18,18,549,533,533,52704,42408,80.44437510667349,84.4758064516129,60.65188172043011,88.5752688172043,0,0,97.0856102003643,97.0856102003643,80.46448087431693,True,True,
6932,"Alipur, Delhi - DPCC",Delhi,18,18,549,535,535,52704,42382,80.35552053109177,83.61895161290323,59.97983870967742,94.3212365591398,0,0,97.44990892531877,97.44990892531877,80.4151487553127,True,True,
5630,"Shadipur, Delhi - CPCB",Delhi,18,18,549,521,521,52704,41911,79.4622722520908,83.2823700716846,51.63194444444444,89.14650537634408,0,0,94.89981785063752,94.89981785063752,79.52147844565877,True,True,
50,"Punjabi Bagh, Delhi - DPCC",Delhi,18,18,549,530,530,52704,41860,79.40761097599135,77.45631720430109,61.02150537634409,94.35483870967742,0,0,96.53916211293262,96.53916211293262,79.42471159684274,True,True,
235,"Anand Vihar, New Delhi - DPCC",Delhi,18,18,549,535,535,52704,41432,78.581789234511,81.46897401433692,59.71102150537635,89.68413978494624,0,0,97.44990892531877,97.44990892531877,78.61262902246509,True,True,
5622,"NSIT Dwarka, Delhi - CPCB",Delhi,18,18,549,518,518,52704,40636,77.1007255575468,82.24462365591398,50.90725806451613,91.22983870967742,0,0,94.35336976320583,94.35336976320583,77.10230722525804,True,True,
5610,"North Campus, DU, Delhi - IMD",Delhi,18,18,549,520,520,52704,40452,76.70029993030666,80.51075268817205,56.55241935483871,89.34811827956989,0,0,94.71766848816029,94.71766848816029,76.75318761384335,True,True,
6358,"Mandir Marg, New Delhi - DPCC",Delhi,18,18,549,537,536,52704,39562,74.98219441599818,76.19287634408602,59.173387096774185,85.78629032258065,0,0,97.81420765027322,97.632058287796,75.06451123254402,True,True,
5541,"Burari Crossing, New Delhi - IMD",Delhi,18,18,549,513,513,52704,39267,74.44213318541276,77.20814132104454,53.09027777777777,86.35752688172043,0,0,93.44262295081968,93.44262295081968,74.50478142076503,True,True,
5650,"IGI Airport (T3), Delhi - IMD",Delhi,18,18,549,486,486,52704,38327,72.64928066507368,82.70833333333333,10.48611111111111,89.01209677419355,0,0,88.52459016393442,88.52459016393442,72.72123557984213,True,True,
10831,"Rohini, Delhi - DPCC",Delhi,18,18,549,536,536,52704,38176,72.3735119047619,71.64930555555554,50.772849462365585,89.7513440860215,0,0,97.632058287796,97.632058287796,72.434729811779,True,True,
5570,"Aya Nagar, New Delhi - IMD",Delhi,18,18,549,486,486,52704,37923,71.94195539625646,73.93313172043011,32.997311827956985,91.8010752688172,0,0,88.52459016393442,88.52459016393442,71.9546903460838,True,True,
5404,"Pusa, Delhi - IMD",Delhi,18,18,549,503,503,52704,36863,69.93514251578767,77.85954301075269,20.625,88.64247311827957,0,0,91.62112932604737,91.62112932604737,69.94345780206436,True,False,
8235,"Jahangirpuri, Delhi - DPCC",Delhi,18,18,549,536,535,52704,36222,68.58034914234511,70.76612903225805,42.299107142857146,84.24059139784946,0,0,97.632058287796,97.44990892531877,68.72723132969034,True,False,
6359,"IHBAS, Dilshad Garden,New Delhi - CPCB",Delhi,18,18,549,531,531,52704,35981,68.20504067815895,69.70766129032259,46.94220430107527,79.46908602150538,0,0,96.72131147540983,96.72131147540983,68.2699605343048,True,False,
11603,"Chandni Chowk, Delhi - IITM",Delhi,18,18,549,530,530,52704,25654,48.5025308286397,49.79838709677419,14.616935483870968,84.81182795698925,0,0,96.53916211293262,96.53916211293262,48.67562234365513,False,False,Measurement completeness below threshold
5647,"Sanathnagar, Hyderabad - TSPCB",Hyderabad,18,18,549,537,537,52704,41672,79.02318637281675,79.67069892473118,59.44220430107527,89.24731182795699,0,0,97.81420765027322,97.81420765027322,79.06800242865816,True,True,
344140,"Somajiguda, Hyderabad - TSPCB",Hyderabad,18,18,549,530,527,52704,40770,77.35694640012517,77.64676939324116,60.5510752688172,87.76881720430107,0,0,96.53916211293262,95.99271402550092,77.35655737704919,True,True,
344103,"ECIL Kapra, Hyderabad - TSPCB",Hyderabad,18,18,549,529,529,52704,40185,76.17752425044092,77.22222222222223,56.384408602150536,91.26344086021506,0,0,96.35701275045535,96.35701275045535,76.24658469945356,True,True,
352465,"New Malakpet, Hyderabad - TSPCB",Hyderabad,18,18,549,528,526,52704,40029,75.91348512971496,76.73611111111111,60.3494623655914,86.72715053763442,0,0,96.17486338797814,95.81056466302368,75.95059198542805,True,True,
407,"Zoo Park, Hyderabad - TSPCB",Hyderabad,18,18,549,521,516,52704,39242,74.42171854554246,72.94914874551971,53.61111111111111,88.47446236559139,0,0,94.89981785063752,93.98907103825135,74.45734669095326,True,True,
344104,"Kompally Municipal Office, Hyderabad - TSPCB",Hyderabad,18,18,549,531,531,52704,38715,73.46196823263355,72.90054563492063,59.13978494623656,83.5013440860215,0,0,96.72131147540983,96.72131147540983,73.45742258652095,True,True,
346257,"Ramachandrapuram, Hyderabad - TSPCB",Hyderabad,18,18,549,497,497,52704,38150,72.35516406383343,75.3024193548387,36.35752688172043,94.9260752688172,0,0,90.52823315118395,90.52823315118395,72.38539769277475,True,True,
344142,"Nacharam_TSIIC IALA, Hyderabad - TSPCB",Hyderabad,18,18,549,500,500,52704,38068,72.18024620242362,71.00638440860214,51.388888888888886,91.90188172043013,0,0,91.07468123861568,91.07468123861568,72.2298117789921,True,True,
346258,"Kokapet, Hyderabad - TSPCB",Hyderabad,18,18,549,510,510,52704,37719,71.55619737440973,71.9890873015873,48.420698924731184,90.96102150537637,0,0,92.89617486338798,92.89617486338798,71.56762295081968,True,True,
5645,"ICRISAT Patancheru, Hyderabad - TSPCB",Hyderabad,18,18,549,501,497,52704,36464,69.1029114752233,75.63844086021504,22.32638888888889,86.79435483870968,0,0,91.2568306010929,90.52823315118395,69.18639951426837,True,False,
344144,"IITH Kandi, Hyderabad - TSPCB",Hyderabad,18,18,549,478,478,52704,35345,67.08758249416852,73.66543458781362,37.97043010752688,86.35752688172043,0,0,87.06739526411657,87.06739526411657,67.06322100789313,True,False,
5623,"Central University, Hyderabad - TSPCB",Hyderabad,18,18,549,509,507,52704,35094,66.55246380212778,66.21583781362008,45.16129032258064,84.50940860215054,0,0,92.71402550091076,92.34972677595628,66.58697632058288,True,False,
5624,"IDA Pashamylaram, Hyderabad - TSPCB",Hyderabad,18,18,549,486,474,52704,31710,60.08662332167036,60.248655913978496,32.013888888888886,79.93055555555556,0,0,88.52459016393442,86.33879781420765,60.166211293260474,True,False,
10904,"Rabindra Sarobar, Kolkata - WBPCB",Kolkata,18,18,549,533,533,52704,44114,83.64872685185185,85.56787634408602,60.01344086021505,93.27956989247312,0,0,97.0856102003643,97.0856102003643,83.70142683667274,True,True,
3409320,"Rabindra Bharati University, Kolkata - WBPCB",Kolkata,18,18,549,536,536,52704,43597,82.67994040507482,84.26971326164875,58.46774193548387,92.7755376344086,0,0,97.632058287796,97.632058287796,82.72047662416514,True,True,
6950,"Jadavpur, Kolkata - WBPCB",Kolkata,18,18,549,534,534,52704,43102,81.73481769499914,83.54894713261649,59.509408602150536,91.26344086021506,0,0,97.26775956284152,97.26775956284152,81.78126897389193,True,True,
10633,"Victoria, Kolkata - WBPCB",Kolkata,18,18,549,521,521,52704,41810,79.30764013341299,83.89504928315412,61.25672043010753,91.36424731182797,0,0,94.89981785063752,94.89981785063752,79.32984213721919,True,True,
6981,"Fort William, Kolkata - WBPCB",Kolkata,18,18,549,484,484,52704,38708,73.49253463332765,80.86245519713262,36.99596774193548,89.51388888888889,0,0,88.16029143897997,88.16029143897997,73.44414086217364,True,True,
10851,"Bidhannagar, Kolkata - WBPCB",Kolkata,18,18,549,462,462,52704,36833,69.80789437190646,84.11458333333333,0.1008064516129032,92.64112903225806,0,0,84.15300546448088,84.15300546448088,69.88653612629022,True,False,
11611,"Malad West, Mumbai - IITM",Mumbai,18,18,549,533,533,52704,43081,81.69060153183138,84.52620967741936,59.97983870967742,89.58333333333334,0,0,97.0856102003643,97.0856102003643,81.74142380085003,True,True,
11606,"Borivali East, Mumbai - IITM",Mumbai,18,18,549,532,532,52704,42683,80.96070592962394,82.63888888888889,60.78629032258065,89.7513440860215,0,0,96.90346083788708,96.90346083788708,80.98626290224651,True,True,
3409511,"Shivaji Nagar, Mumbai - BMC",Mumbai,18,18,549,522,522,52704,42339,80.2867516854412,82.96650985663082,56.666666666666664,93.31317204301077,0,0,95.08196721311477,95.08196721311477,80.33356102003643,True,True,
3409514,"Ghatkopar, Mumbai - BMC",Mumbai,18,18,549,512,512,52704,41407,78.57873570575184,83.14852150537635,53.99305555555556,91.04166666666669,0,0,93.26047358834244,93.26047358834244,78.5651942926533,True,True,
3409479,"Mindspace-Malad West, Mumbai - MPCB",Mumbai,18,18,549,527,527,52704,40992,77.73533061671503,83.4375,53.05555555555556,90.69444444444444,0,0,95.99271402550092,95.99271402550092,77.77777777777779,True,True,
3409510,"Byculla, Mumbai - BMC",Mumbai,18,18,549,523,523,52704,40904,77.49694647124083,82.12085573476702,56.58482142857143,91.07638888888889,0,0,95.26411657559198,95.26411657559198,77.61080752884033,True,True,
3409475,"Tondare-Taloja, Navi Mumbai - MPCB",Mumbai,18,18,549,512,512,52704,40879,77.54897646782727,82.56048387096774,46.25,91.29704301075267,0,0,93.26047358834244,93.26047358834244,77.56337279902854,True,True,
12024,"Chakala-Andheri East, Mumbai - IITM",Mumbai,18,18,549,526,516,52704,40742,77.28844868293794,80.61155913978494,44.44444444444444,90.17361111111111,0,0,95.81056466302368,93.98907103825135,77.30343047965998,True,True,
3409486,"Kherwadi_Bandra East, Mumbai - MPCB",Mumbai,18,18,549,525,524,52704,40525,76.84400246060193,78.84744623655914,51.07638888888889,88.23924731182797,0,0,95.62841530054644,95.44626593806922,76.89169702489374,True,True,
3409482,"Bandra Kurla Complex, Mumbai - MPCB",Mumbai,18,18,549,520,520,52704,40205,76.2266340601354,79.43548387096774,49.82638888888889,86.35416666666667,0,0,94.71766848816029,94.71766848816029,76.28453248330298,True,True,
3409477,"Kopripada-Vashi, Navi Mumbai - MPCB",Mumbai,18,18,549,516,516,52704,39894,75.68933745093018,77.90210573476702,53.2258064516129,89.07930107526882,0,0,93.98907103825135,93.98907103825135,75.69444444444444,True,True,
6959,"Siddharth Nagar-Worli, Mumbai - IITM",Mumbai,18,18,549,515,514,52704,39534,74.98295001991238,76.97916666666667,49.52956989247312,87.56944444444444,0,0,93.80692167577412,93.6247723132969,75.01138433515483,True,True,
3409487,"Sanpada, Navi Mumbai - MPCB",Mumbai,18,18,549,523,523,52704,39304,74.49803898560619,75.54435483870967,43.05555555555556,90.55779569892472,0,0,95.26411657559198,95.26411657559198,74.57498482088646,True,True,
3409483,"Chembur, Mumbai - MPCB",Mumbai,18,18,549,515,515,52704,39294,74.49960797491039,77.15725806451613,41.70138888888889,86.18951612903226,0,0,93.80692167577412,93.80692167577412,74.55601092896174,True,True,
3409329,"Deonar, Mumbai - IITM",Mumbai,18,18,549,479,479,52704,36999,70.14771167576947,77.36671146953405,22.15277777777778,91.53225806451611,0,0,87.24954462659382,87.24954462659382,70.20150273224044,True,True,
12040,"Mulund West, Mumbai - MPCB",Mumbai,18,18,549,497,495,52704,36874,69.92343509984639,72.84474206349206,35.69444444444444,89.21370967741935,0,0,90.52823315118395,90.1639344262295,69.96432908318154,True,False,
6943,"Mahape, Navi Mumbai - MPCB",Mumbai,18,18,549,527,524,52704,36807,69.81112124509302,68.75280017921148,54.73790322580645,80.74596774193549,0,0,95.99271402550092,95.44626593806922,69.83720400728598,True,False,
6945,"Kurla, Mumbai - MPCB",Mumbai,18,18,549,503,490,52704,36504,69.19567296751437,64.9255152329749,55.833333333333336,87.6008064516129,0,0,91.62112932604737,89.25318761384335,69.26229508196722,True,False,
6956,"Powai, Mumbai - MPCB",Mumbai,18,18,549,467,446,52704,34869,66.17521743613813,73.7584005376344,17.271505376344088,88.84408602150538,0,0,85.06375227686704,81.23861566484517,66.16006375227687,True,False,
6948,"Chhatrapati Shivaji Intl. Airport (T2), Mumbai - MPCB",Mumbai,18,17,549,484,451,52704,34852,66.27733063804972,76.05186731950845,0.0,89.6875,0,0,88.16029143897997,82.14936247723132,66.12780813600486,False,False,Measurements not present in all analysis months
6967,"Sion, Mumbai - MPCB",Mumbai,18,18,549,457,449,52704,34387,65.10940700204813,74.71438172043011,15.208333333333332,91.36424731182797,0,0,83.24225865209472,81.78506375227687,65.24552216150576,True,False,
3409512,"Kandivali West, Mumbai - BMC",Mumbai,18,18,549,516,513,52704,31556,59.7124971553735,65.64796146953404,27.385752688172044,85.75268817204301,0,0,93.98907103825135,93.44262295081968,59.87401335761992,False,False,Measurement completeness below threshold
6965,"Borivali East, Mumbai - MPCB",Mumbai,18,17,549,422,415,52704,30814,58.48924108920749,67.08333333333333,0.0,89.61805555555556,0,0,76.86703096539162,75.591985428051,58.46615057680632,False,False,Incomplete temporal coverage and measurement completeness below threshold
3409471,"Sector-2E Kalamboli, Navi Mumbai - MPCB",Mumbai,18,18,549,499,499,52704,28225,53.44860737753883,57.9681899641577,12.5,88.17204301075269,0,0,90.89253187613843,90.89253187613843,53.55380995749848,False,False,Measurement completeness below threshold
3409513,"Sewri, Mumbai - BMC",Mumbai,18,18,549,497,493,52704,23610,44.66939661916141,43.35125448028674,18.09027777777778,67.84722222222223,0,0,90.52823315118395,89.79963570127505,44.79735883424408,False,False,Measurement completeness below threshold
12039,"Khindipada-Bhandup West, Mumbai - IITM",Mumbai,18,10,549,520,265,52704,19114,36.14357985577744,34.81842837941628,0.0,76.97916666666667,0,0,94.71766848816029,48.26958105646631,36.266697024893745,False,False,Incomplete temporal coverage and measurement completeness below threshold
